<?xml version="1.0" encoding="UTF-8"?>
<project-private xmlns="http://www.netbeans.org/ns/project-private/1">
    <editor-bookmarks xmlns="http://www.netbeans.org/ns/editor-bookmarks/2" lastBookmarkId="0"/>
    <open-files xmlns="http://www.netbeans.org/ns/projectui-open-files/2">
        <group>
            <file>file:/C:/Users/viray/Documents/Projects/SDA%20Project%20Midterm/src/ui/BookStoreApp.java</file>
            <file>file:/C:/Users/viray/Documents/Projects/SDA%20Project%20Midterm/src/midterm/InventoryInvoker.java</file>
            <file>file:/C:/Users/viray/Documents/Projects/SDA%20Project%20Midterm/src/midterm/Inventory.java</file>
        </group>
    </open-files>
</project-private>
